{
  "Balita_0_5_tahun_bin": [
    327,
    3130,
    6316,
    10100,
    15645,
    29367
  ],
  "Anak_anak_6_15_tahun_bin": [
    409,
    3317,
    6257,
    9846,
    15812,
    27597
  ],
  "Remaja_16_20_tahun_bin": [
    238,
    1617,
    2981,
    4704,
    7126,
    12825
  ],
  "Dewasa_Muda_21_30_tahun_bin": [
    393,
    3306,
    6321,
    9959,
    15242,
    28936
  ],
  "Dewasa_31_40_tahun_bin": [
    447,
    3771,
    7047,
    11503,
    17330,
    32270
  ],
  "Dewasa_Akhir_41_60_tahun_bin": [
    802,
    4768,
    8730,
    13005,
    19213,
    33879
  ],
  "Lansia_>60_tahun_bin": [
    195,
    1155,
    1852,
    2606,
    3807,
    6058
  ],
  "ISLAM_bin": [
    1354,
    18335,
    35451,
    56059,
    85296,
    144539
  ],
  "KRISTEN_bin": [
    419,
    2397,
    4427,
    7129,
    10674,
    15391
  ],
  "KATHOLIK_bin": [
    130,
    982,
    1987,
    3619,
    6552,
    11431
  ],
  "HINDU_bin": [
    0,
    66,
    157,
    372,
    754,
    1454
  ],
  "BUDHA_bin": [
    2,
    1649,
    5006,
    10426,
    17579,
    32423
  ],
  "KONGHUCU_bin": [
    0,
    6,
    16,
    33,
    57,
    83
  ]
}